file,import-purity,decode-never-cast,effects-are-values,no-third-party-di,no-third-party-stream,typed-errors-never-throw,pure-core-one-path,platform-io-boundary,no-class-as-service,composition-root-uniqueness,target-idiom-adoption,package-identity,capability-cohesion,dependency-direction,deletability,gate-reach
packages/testing/mutation/stryker-js/cli/src/LlmsManifest.ts,clean,clean,clean,clean,clean,clean,"SURVIVED F16 class :85,90,107,162",clean,"SURVIVED F18 class :148,327,417,428",clean,clean,clean,clean,clean,clean,clean
packages/testing/mutation/stryker-js/cli/src/OutputMode.ts,clean,clean,clean,clean,clean,clean,"SURVIVED F16 class :39,49,52,57",clean,"SURVIVED F18 class :59,218,219",clean,clean,clean,clean,clean,clean,clean
packages/testing/mutation/stryker-js/cli/src/OutputModeAdapter.ts,clean,clean,clean,clean,clean,clean,clean,clean,"SURVIVED F18 class :26,39,44",clean,clean,clean,clean,clean,clean,clean
packages/testing/mutation/stryker-js/cli/src/OutputModeConsoleState.ts,clean,clean,clean,clean,clean,clean,"SURVIVED F16 class :39,54,84",clean,"SURVIVED F18 class :65,66,67,68",clean,clean,clean,clean,clean,clean,clean
packages/testing/mutation/stryker-js/cli/src/RunEventStreamAdapter.ts,clean,clean,clean,clean,clean,clean,"SURVIVED F16 class :221,224,242,246",clean,"SURVIVED F18 class :45,70,73,225","SURVIVED F19 class :65,71,74","SURVIVED F20 class :149,198,298,319",clean,clean,clean,clean,clean
packages/testing/mutation/stryker-js/cli/src/StreamProtocol.ts,clean,clean,clean,clean,clean,clean,SURVIVED F16 class :26,clean,clean,clean,clean,clean,clean,clean,clean,clean
packages/testing/mutation/stryker-js/cli/src/StrykerCliExecutor.ts,clean,clean,SURVIVED F12 class :336,clean,clean,"SURVIVED F15 class :369,371,374,376","SURVIVED F16 class :237,269,388,389","SURVIVED F17 class :2,3","SURVIVED F18 class :131,137,274,294",clean,"SURVIVED F20 class :319,748,806,838",clean,clean,clean,clean,clean
packages/testing/mutation/stryker-js/cli/src/StrykerCliHandler.ts,clean,clean,clean,clean,clean,clean,"SURVIVED F16 class :57,101,339,351",clean,"SURVIVED F18 class :388,494,495,502",clean,SURVIVED F20 class :556,clean,clean,clean,clean,clean
packages/testing/mutation/stryker-js/cli/src/Survivors.workflow.ts,clean,clean,clean,clean,clean,clean,"SURVIVED F16 class :89,130,133,210",clean,"SURVIVED F18 class :305,317,417,422",clean,"SURVIVED F20 class :442,455",clean,clean,clean,clean,clean
packages/testing/mutation/stryker-js/cli/src/SurvivorsExit.ts,clean,clean,clean,clean,clean,clean,SURVIVED F16 class :9,clean,clean,clean,clean,clean,clean,clean,clean,clean
packages/testing/mutation/stryker-js/cli/src/__tests__/Survivors.workflow.property.test.ts,clean,clean,clean,clean,clean,clean,SURVIVED F16 class :230,clean,SURVIVED F18 class :91,clean,clean,clean,clean,clean,clean,clean
packages/testing/mutation/stryker-js/cli/src/main.ts,clean,clean,clean,clean,clean,SURVIVED F15 class :19,SURVIVED F16 class :18,clean,SURVIVED F18 class :50,SURVIVED F19 class :48,SURVIVED F20 class :29,clean,clean,clean,clean,clean
packages/testing/mutation/stryker-js/cli/tests/__fixtures__/StrykerCliAdapter.ts,clean,clean,clean,clean,clean,clean,clean,clean,"SURVIVED F18 class :17,46,47",clean,clean,clean,clean,clean,clean,clean
packages/testing/mutation/stryker-js/cli/tests/__fixtures__/global-setup.ts,"OBSERVATION (F9: fixture scope, FP10; re-check 2026-11-01)",clean,"SURVIVED F12 class :72,115,213",clean,clean,SURVIVED F15 class :134,"SURVIVED F16 class :98,99,101,125","SURVIVED F17 class :3,2,5,6","SURVIVED F18 class :144,187","SURVIVED F19 class :116,214","SURVIVED F20 class :97,117,215",clean,clean,clean,clean,clean
packages/testing/mutation/stryker-js/cli/tests/cli-contract.integration.test.ts,clean,clean,clean,clean,clean,SURVIVED F15 class :128,"SURVIVED F16 class :128,680,103,307",clean,clean,clean,"SURVIVED F20 class :45,55,87",clean,clean,clean,clean,clean
packages/testing/mutation/stryker-js/cli/tsdown.config.ts,clean,clean,clean,clean,clean,clean,clean,clean,SURVIVED F18 class :17,clean,clean,clean,clean,clean,clean,clean
packages/testing/mutation/stryker-js/instrumenter/oxlint.config.ts,clean,clean,clean,clean,clean,clean,clean,clean,clean,clean,clean,clean,clean,clean,clean,SURVIVED F30 class :1
packages/testing/mutation/stryker-js/instrumenter/src/create-instrumenter.ts,clean,clean,clean,"SURVIVED F13 class :1,16,18",clean,clean,clean,clean,clean,clean,clean,clean,clean,clean,clean,clean
packages/testing/mutation/stryker-js/instrumenter/src/disable-type-checks.ts,clean,"SURVIVED F10,F11,F25,F26,F28 class :14,69,79,81","SURVIVED F12 class :20,23",clean,clean,"SURVIVED F15 class :88,96,168,172","SURVIVED F16 class :25,29,65,68",clean,"SURVIVED F18 class :114,133,152",clean,clean,clean,clean,clean,clean,clean
packages/testing/mutation/stryker-js/instrumenter/src/frameworks/angular-ignorer.ts,clean,clean,clean,clean,clean,clean,"SURVIVED F16 class :20,24,44,69",clean,SURVIVED F18 class :18,clean,clean,clean,clean,clean,clean,clean
packages/testing/mutation/stryker-js/instrumenter/src/instrumenter.ts,clean,clean,SURVIVED F12 class :40,"SURVIVED F13 class :5,24,23",clean,clean,"SURVIVED F16 class :62,84,49",clean,"SURVIVED F18 class :22,64",clean,clean,clean,clean,clean,clean,clean
packages/testing/mutation/stryker-js/instrumenter/src/mutant-placers/expression-mutant-placer.ts,clean,clean,clean,clean,clean,clean,"SURVIVED F16 class :20,24,53,198",clean,"SURVIVED F18 class :192,199",clean,clean,clean,clean,clean,clean,clean
packages/testing/mutation/stryker-js/instrumenter/src/mutant-placers/mutant-placer.ts,clean,clean,clean,clean,clean,SURVIVED F15 class :24,SURVIVED F16 class :23,clean,SURVIVED F18 class :20,clean,clean,clean,clean,clean,clean,clean
packages/testing/mutation/stryker-js/instrumenter/src/mutant-placers/statement-mutant-placer.ts,clean,clean,clean,clean,clean,clean,SURVIVED F16 class :25,clean,SURVIVED F18 class :26,clean,clean,clean,clean,clean,clean,clean
packages/testing/mutation/stryker-js/instrumenter/src/mutant-placers/switch-case-mutant-placer.ts,clean,clean,clean,clean,clean,clean,SURVIVED F16 class :29,clean,SURVIVED F18 class :31,clean,clean,clean,clean,clean,clean,clean
packages/testing/mutation/stryker-js/instrumenter/src/mutant-placers/throw-placement-error.ts,clean,clean,clean,clean,clean,"SURVIVED F15 class :36,39",clean,clean,SURVIVED F18 class :38,clean,clean,clean,clean,clean,clean,clean
packages/testing/mutation/stryker-js/instrumenter/src/mutant.ts,clean,clean,clean,clean,clean,"SURVIVED F15 class :37,81","SURVIVED F16 class :36,64,73,80",clean,"SURVIVED F18 class :15,76,103",clean,clean,clean,clean,clean,clean,clean
packages/testing/mutation/stryker-js/instrumenter/src/mutators/arithmetic-operator-mutator.ts,clean,clean,clean,clean,clean,clean,"SURVIVED F16 class :21,37,46",clean,clean,clean,clean,clean,clean,clean,clean,clean
packages/testing/mutation/stryker-js/instrumenter/src/mutators/array-declaration-mutator.ts,clean,clean,clean,clean,clean,clean,"SURVIVED F16 class :13,19",clean,clean,clean,clean,clean,clean,clean,clean,clean
packages/testing/mutation/stryker-js/instrumenter/src/mutators/arrow-function-mutator.ts,clean,clean,clean,clean,clean,clean,SURVIVED F16 class :11,clean,clean,clean,clean,clean,clean,clean,clean,clean
packages/testing/mutation/stryker-js/instrumenter/src/mutators/assignment-operator-mutator.ts,clean,clean,clean,clean,clean,clean,"SURVIVED F16 class :31,52",clean,clean,clean,clean,clean,clean,clean,clean,clean
packages/testing/mutation/stryker-js/instrumenter/src/mutators/block-statement-mutator.ts,clean,clean,clean,clean,clean,clean,"SURVIVED F16 class :11,80",clean,SURVIVED F18 class :82,clean,clean,clean,clean,clean,clean,clean
packages/testing/mutation/stryker-js/instrumenter/src/mutators/boolean-literal-mutator.ts,clean,clean,clean,clean,clean,clean,"SURVIVED F16 class :13,16",clean,clean,clean,clean,clean,clean,clean,clean,clean
packages/testing/mutation/stryker-js/instrumenter/src/mutators/conditional-expression-mutator.ts,clean,clean,clean,clean,clean,clean,"SURVIVED F16 class :26,32,36,43",clean,clean,clean,clean,clean,clean,clean,clean,clean
packages/testing/mutation/stryker-js/instrumenter/src/mutators/equality-operator-mutator.ts,clean,clean,clean,clean,clean,clean,"SURVIVED F16 class :27,28",clean,clean,clean,clean,clean,clean,clean,clean,clean
packages/testing/mutation/stryker-js/instrumenter/src/mutators/logical-operator-mutator.ts,clean,clean,clean,clean,clean,clean,SURVIVED F16 class :17,clean,clean,clean,clean,clean,clean,clean,clean,clean
packages/testing/mutation/stryker-js/instrumenter/src/mutators/method-expression-mutator.ts,"DISMISSED (F8: inert literal Map, FP1)",clean,clean,clean,clean,clean,"SURVIVED F16 class :37,46,51,62",clean,clean,clean,clean,clean,clean,clean,clean,clean
packages/testing/mutation/stryker-js/instrumenter/src/mutators/object-literal-mutator.ts,clean,clean,clean,clean,clean,clean,SURVIVED F16 class :11,clean,clean,clean,clean,clean,clean,clean,clean,clean
packages/testing/mutation/stryker-js/instrumenter/src/mutators/optional-chaining-mutator.ts,clean,clean,clean,clean,clean,clean,"SURVIVED F16 class :23,31",clean,clean,clean,clean,clean,clean,clean,clean,clean
packages/testing/mutation/stryker-js/instrumenter/src/mutators/regex-mutator.ts,clean,clean,clean,clean,clean,"SURVIVED F15 class :63,67","SURVIVED F16 class :24,36,51,62",clean,clean,clean,clean,clean,clean,clean,clean,clean
packages/testing/mutation/stryker-js/instrumenter/src/mutators/string-literal-mutator.ts,clean,clean,clean,clean,clean,SURVIVED F15 class :14,"SURVIVED F16 class :11,13,24",clean,clean,clean,clean,clean,clean,clean,clean,clean
packages/testing/mutation/stryker-js/instrumenter/src/mutators/unary-operator-mutator.ts,clean,clean,clean,clean,clean,clean,SURVIVED F16 class :19,clean,clean,clean,clean,clean,clean,clean,clean,clean
packages/testing/mutation/stryker-js/instrumenter/src/mutators/update-operator-mutator.ts,clean,clean,clean,clean,clean,clean,SURVIVED F16 class :18,clean,clean,clean,clean,clean,clean,clean,clean,clean
packages/testing/mutation/stryker-js/instrumenter/src/parsers/create-parser.ts,clean,clean,"SURVIVED F12 class :18,19,27,32",clean,clean,"SURVIVED F15 class :41,58","SURVIVED F16 class :39,70,45,74",clean,clean,clean,clean,clean,clean,clean,clean,clean
packages/testing/mutation/stryker-js/instrumenter/src/parsers/html-parser.ts,clean,clean,"SURVIVED F12 class :26,30,45,88",clean,clean,"SURVIVED F15 class :57,59,91,102","SURVIVED F16 class :54,56,70,90",clean,clean,clean,clean,clean,clean,clean,clean,clean
packages/testing/mutation/stryker-js/instrumenter/src/parsers/js-parser.ts,clean,clean,SURVIVED F12 class :58,clean,clean,"SURVIVED F15 class :27,68,73","SURVIVED F16 class :21,24,67,72",clean,clean,clean,clean,clean,clean,clean,clean,clean
packages/testing/mutation/stryker-js/instrumenter/src/parsers/parse-error.ts,clean,clean,clean,clean,clean,clean,clean,clean,SURVIVED F18 class :3,clean,clean,clean,clean,clean,clean,clean
packages/testing/mutation/stryker-js/instrumenter/src/parsers/parser-context.ts,clean,clean,SURVIVED F12 class :8,clean,clean,clean,clean,clean,clean,clean,clean,clean,clean,clean,clean,clean
packages/testing/mutation/stryker-js/instrumenter/src/parsers/svelte-parser.ts,clean,clean,"SURVIVED F12 class :111,115,252,263",clean,clean,"SURVIVED F15 class :124,141,151,223","SURVIVED F16 class :84,92,96,123",clean,"SURVIVED F18 class :70,71,72,73",clean,clean,clean,clean,clean,clean,clean
packages/testing/mutation/stryker-js/instrumenter/src/parsers/ts-parser.ts,clean,clean,"SURVIVED F12 class :14,23,14,26",clean,clean,"SURVIVED F15 class :59,64","SURVIVED F16 class :58,63",clean,clean,clean,clean,clean,clean,clean,clean,clean
packages/testing/mutation/stryker-js/instrumenter/src/printers/html-printer.ts,clean,clean,clean,clean,clean,"SURVIVED F15 class :8,16","SURVIVED F16 class :7,15,27",clean,SURVIVED F18 class :32,clean,clean,clean,clean,clean,clean,clean
packages/testing/mutation/stryker-js/instrumenter/src/printers/index.ts,clean,clean,clean,clean,clean,clean,SURVIVED F16 class :21,clean,clean,clean,clean,clean,clean,clean,clean,clean
packages/testing/mutation/stryker-js/instrumenter/src/printers/svelte-printer.ts,clean,clean,clean,clean,clean,clean,"SURVIVED F16 class :15,14",clean,"SURVIVED F18 class :20,26",clean,clean,clean,clean,clean,clean,clean
packages/testing/mutation/stryker-js/instrumenter/src/syntax/index.ts,clean,clean,clean,clean,clean,clean,clean,clean,"SURVIVED F18 class :5,6,7,8",clean,clean,clean,clean,clean,clean,clean
packages/testing/mutation/stryker-js/instrumenter/src/transformers/babel-transformer.ts,clean,"SURVIVED F10,F11,F25,F26,F28 class :66",clean,clean,clean,"SURVIVED F15 class :82,87,210,144","SURVIVED F16 class :70,75,77,79",clean,"SURVIVED F18 class :34,35,132,207",clean,clean,clean,clean,clean,"SURVIVED F24,F29 class :66",clean
packages/testing/mutation/stryker-js/instrumenter/src/transformers/directive-bookkeeper.ts,clean,clean,clean,clean,clean,"SURVIVED F15 class :89,174,200","SURVIVED F16 class :33,76,81,88",clean,"SURVIVED F18 class :16,40,59,64",clean,clean,clean,clean,clean,clean,clean
packages/testing/mutation/stryker-js/instrumenter/src/transformers/ignorer-bookkeeper.ts,clean,"SURVIVED F10,F11,F25,F26,F28 class :6",clean,clean,clean,clean,"SURVIVED F16 class :26,29,37",clean,SURVIVED F18 class :13,clean,clean,clean,clean,clean,"SURVIVED F24,F29 class :6",clean
packages/testing/mutation/stryker-js/instrumenter/src/transformers/mutant-collector.ts,clean,clean,clean,clean,clean,clean,clean,clean,"SURVIVED F18 class :6,26",clean,clean,clean,clean,clean,clean,clean
packages/testing/mutation/stryker-js/instrumenter/src/transformers/svelte-transformer.ts,clean,clean,clean,clean,clean,clean,"SURVIVED F16 class :31,35",clean,clean,clean,clean,clean,clean,clean,clean,clean
packages/testing/mutation/stryker-js/instrumenter/src/transformers/transformer.ts,clean,clean,clean,clean,clean,clean,SURVIVED F16 class :29,clean,clean,clean,clean,clean,clean,clean,clean,clean
packages/testing/mutation/stryker-js/instrumenter/src/util/babel-file.ts,clean,clean,clean,clean,clean,clean,clean,clean,clean,clean,clean,SURVIVED F21 class,clean,clean,clean,clean
packages/testing/mutation/stryker-js/instrumenter/src/util/babel-generator.ts,clean,clean,clean,clean,clean,clean,clean,clean,clean,clean,clean,SURVIVED F21 class,clean,clean,clean,clean
packages/testing/mutation/stryker-js/instrumenter/src/util/binary-operator.ts,clean,clean,clean,clean,clean,clean,clean,clean,clean,clean,clean,SURVIVED F21 class,clean,clean,clean,clean
packages/testing/mutation/stryker-js/instrumenter/src/util/index.ts,clean,clean,clean,clean,clean,clean,clean,clean,clean,clean,clean,SURVIVED F21 class,clean,clean,clean,clean
packages/testing/mutation/stryker-js/instrumenter/src/util/position-converter.ts,clean,"SURVIVED F10,F11,F25,F26,F28 class :56,58,66,72",clean,clean,clean,"SURVIVED F15 class :22,42,96","SURVIVED F16 class :11,21,32,41",clean,"SURVIVED F18 class :8,40,63,69",clean,clean,SURVIVED F21 class,clean,clean,"SURVIVED F24,F29 class :56,58,66,72",clean
packages/testing/mutation/stryker-js/instrumenter/src/util/syntax-helpers.ts,clean,clean,clean,clean,clean,"SURVIVED F15 class :58,70,260","SURVIVED F16 class :26,42,56,57",clean,"SURVIVED F18 class :43,264",clean,clean,SURVIVED F21 class,clean,clean,clean,clean
packages/testing/mutation/stryker-js/mutation-report/oxlint.config.ts,clean,clean,clean,clean,clean,clean,clean,clean,clean,clean,clean,clean,SURVIVED F22 class,clean,clean,SURVIVED F30 class :1
packages/testing/mutation/stryker-js/mutation-report/src/clear-text-reporter.ts,clean,clean,clean,"SURVIVED F13 class :17,5,24,24",clean,clean,"SURVIVED F16 class :43,54,57,60",clean,"SURVIVED F18 class :23,89,96,174",clean,clean,clean,SURVIVED F22 class,clean,clean,clean
packages/testing/mutation/stryker-js/mutation-report/src/clear-text-score-table.ts,clean,clean,clean,clean,clean,SURVIVED F15 class :155,"SURVIVED F16 class :121,155,162,272",clean,"SURVIVED F18 class :36,77,97,133",clean,clean,clean,SURVIVED F22 class,clean,clean,clean
packages/testing/mutation/stryker-js/mutation-report/src/html-reporter.ts,clean,clean,"SURVIVED F12 class :15,31,47","SURVIVED F13 class :8,23,24",clean,clean,clean,clean,SURVIVED F18 class :14,clean,clean,clean,SURVIVED F22 class,clean,clean,clean
packages/testing/mutation/stryker-js/mutation-report/src/index.ts,clean,clean,clean,clean,clean,clean,clean,clean,clean,clean,clean,clean,SURVIVED F22 class,clean,clean,clean
packages/testing/mutation/stryker-js/mutation-report/src/json-reporter.ts,clean,clean,"SURVIVED F12 class :14,42","SURVIVED F13 class :5,34,35",clean,clean,clean,clean,SURVIVED F18 class :13,clean,clean,clean,SURVIVED F22 class,clean,clean,clean
packages/testing/mutation/stryker-js/mutation-report/src/progress-bar.ts,clean,clean,clean,clean,clean,clean,clean,clean,clean,clean,clean,clean,SURVIVED F22 class,clean,clean,clean
packages/testing/mutation/stryker-js/mutation-report/src/progress-keeper.ts,clean,clean,clean,clean,clean,clean,"SURVIVED F16 class :50,68,71,74",clean,"SURVIVED F18 class :17,22",clean,clean,clean,SURVIVED F22 class,SURVIVED F23 class,clean,clean
packages/testing/mutation/stryker-js/mutation-report/src/progress-reporter.ts,clean,clean,clean,clean,clean,clean,"SURVIVED F16 class :34,47",clean,"SURVIVED F18 class :7,18",clean,clean,clean,SURVIVED F22 class,clean,clean,clean
packages/testing/mutation/stryker-js/mutation-report/src/progress-stream-reporter.ts,clean,clean,clean,"SURVIVED F13 class :4,2,22,27",clean,clean,SURVIVED F16 class :45,clean,"SURVIVED F18 class :21,24,25",clean,clean,clean,SURVIVED F22 class,SURVIVED :6-8 (F23),clean,clean
packages/testing/mutation/stryker-js/mutation-report/src/render-text.ts,clean,clean,clean,clean,clean,clean,"SURVIVED F16 class :12,20,41",clean,SURVIVED F18 class :42,clean,clean,clean,SURVIVED F22 class,clean,clean,clean
packages/testing/mutation/stryker-js/mutation-report/src/report-type.ts,clean,clean,clean,clean,clean,clean,clean,clean,clean,clean,clean,clean,SURVIVED F22 class,clean,clean,clean
packages/testing/mutation/stryker-js/mutation-report/src/reporter-util.ts,clean,clean,"SURVIVED F12 class :5,16",clean,clean,clean,clean,clean,clean,clean,clean,clean,SURVIVED F22 class,clean,clean,clean
packages/testing/mutation/stryker-js/mutation-report/src/stryker-plugins.ts,clean,clean,clean,clean,clean,clean,clean,clean,clean,clean,clean,clean,SURVIVED F22 class,clean,clean,clean
packages/testing/mutation/stryker-js/mutation-report/tests/__fixtures__/stryker-plugins.schema.ts,clean,clean,clean,clean,clean,clean,clean,clean,clean,clean,clean,clean,SURVIVED F22 class,clean,clean,clean
packages/testing/mutation/stryker-js/mutation-report/tests/stryker-plugins.integration.test.ts,clean,clean,clean,clean,clean,clean,clean,clean,clean,clean,clean,clean,SURVIVED F22 class,clean,clean,clean
packages/testing/mutation/stryker-js/mutation-report/tsdown.config.ts,clean,clean,clean,clean,clean,clean,clean,clean,clean,clean,clean,clean,SURVIVED F22 class,clean,clean,clean
packages/testing/mutation/stryker-js/mutation-report/vitest.config.ts,clean,clean,clean,clean,clean,clean,clean,clean,clean,clean,clean,clean,SURVIVED F22 class,clean,clean,clean
packages/testing/mutation/stryker-js/mutation-run/oxlint.config.ts,clean,clean,clean,clean,clean,clean,clean,clean,clean,clean,clean,clean,SURVIVED F22 class,clean,clean,SURVIVED :1 (F30)
packages/testing/mutation/stryker-js/mutation-run/src/checker/checker-child-process-proxy.ts,clean,clean,"SURVIVED F12 class :40,44",SURVIVED F13 class :4,clean,clean,clean,clean,SURVIVED F18 class :15,clean,clean,clean,SURVIVED F22 class,clean,clean,clean
packages/testing/mutation/stryker-js/mutation-run/src/checker/checker-facade.ts,clean,DISMISSED (F27: tuple-arity annotation on a locally built literal),"SURVIVED F12 class :18,62",clean,clean,"SURVIVED F15 class :33,49,77,92","SURVIVED F16 class :32,44,76,88",clean,SURVIVED F18 class :14,clean,clean,clean,SURVIVED F22 class,clean,clean,clean
packages/testing/mutation/stryker-js/mutation-run/src/checker/checker-factory.ts,clean,clean,clean,"SURVIVED F13 class :3,15,16,19",clean,clean,clean,clean,clean,clean,clean,clean,SURVIVED F22 class,clean,clean,clean
packages/testing/mutation/stryker-js/mutation-run/src/checker/checker-resource.ts,clean,clean,"SURVIVED F12 class :10,11",clean,clean,clean,clean,clean,clean,clean,clean,clean,SURVIVED F22 class,clean,clean,clean
packages/testing/mutation/stryker-js/mutation-run/src/checker/checker-retry-decorator.ts,clean,clean,SURVIVED F12 class :32,clean,clean,"SURVIVED F15 class :33,35","SURVIVED F16 class :36,37",clean,"SURVIVED F18 class :10,12",clean,clean,clean,SURVIVED F22 class,clean,clean,clean
packages/testing/mutation/stryker-js/mutation-run/src/checker/checker-worker.ts,clean,clean,"SURVIVED F12 class :22,37,44","SURVIVED F13 class :3,13,13",clean,"SURVIVED F15 class :27,59,24,26","SURVIVED F16 class :56,23",clean,SURVIVED F18 class :10,clean,clean,clean,SURVIVED F22 class,clean,clean,clean
packages/testing/mutation/stryker-js/mutation-run/src/checker/index.ts,clean,clean,clean,clean,clean,clean,clean,clean,clean,clean,clean,clean,SURVIVED F22 class,clean,clean,clean
packages/testing/mutation/stryker-js/mutation-run/src/config/base-preset.ts,clean,clean,clean,clean,clean,clean,clean,clean,clean,clean,clean,clean,SURVIVED F22 class,clean,clean,clean
packages/testing/mutation/stryker-js/mutation-run/src/config/config-document.schema.ts,clean,clean,clean,clean,clean,clean,clean,clean,clean,clean,clean,clean,SURVIVED F22 class,clean,clean,clean
packages/testing/mutation/stryker-js/mutation-run/src/config/config-file-formats.ts,clean,clean,clean,clean,clean,clean,"SURVIVED F16 class :7,8,9",clean,clean,clean,clean,clean,SURVIVED F22 class,clean,clean,clean
packages/testing/mutation/stryker-js/mutation-run/src/config/config-reader.ts,clean,clean,"SURVIVED F12 class :38,63,77,99","SURVIVED F13 class :7,53,52",clean,"SURVIVED F15 class :104,123,148,164","SURVIVED F16 class :43,69,79,91",clean,"SURVIVED F18 class :51,203",clean,clean,clean,SURVIVED F22 class,clean,clean,clean
packages/testing/mutation/stryker-js/mutation-run/src/config/config-resolution.ts,clean,clean,clean,clean,clean,clean,clean,clean,clean,clean,clean,clean,SURVIVED F22 class,clean,clean,clean
packages/testing/mutation/stryker-js/mutation-run/src/config/extends-step.ts,clean,clean,clean,clean,clean,clean,"SURVIVED F16 class :95,100,170,94",clean,clean,clean,"SURVIVED F20 class :200,204",clean,SURVIVED F22 class,clean,clean,clean
packages/testing/mutation/stryker-js/mutation-run/src/config/file-matcher.ts,clean,clean,clean,clean,clean,clean,"SURVIVED F16 class :16,26",clean,SURVIVED F18 class :9,clean,clean,clean,SURVIVED F22 class,clean,clean,clean
packages/testing/mutation/stryker-js/mutation-run/src/config/fork-schema.schema.ts,clean,clean,clean,clean,clean,clean,clean,clean,clean,clean,clean,clean,SURVIVED F22 class,clean,clean,clean
packages/testing/mutation/stryker-js/mutation-run/src/config/fork-schema.ts,clean,clean,clean,clean,clean,clean,clean,clean,clean,clean,clean,clean,SURVIVED F22 class,clean,clean,clean
packages/testing/mutation/stryker-js/mutation-run/src/config/index.ts,clean,clean,clean,clean,clean,clean,clean,clean,clean,clean,clean,clean,SURVIVED F22 class,clean,clean,clean
packages/testing/mutation/stryker-js/mutation-run/src/config/is-warning-enabled.ts,clean,clean,clean,clean,clean,clean,SURVIVED F16 class :15,clean,clean,clean,clean,clean,SURVIVED F22 class,clean,clean,clean
packages/testing/mutation/stryker-js/mutation-run/src/config/meta-schema-builder.ts,clean,clean,clean,"SURVIVED F13 class :2,10,8",clean,clean,clean,clean,SURVIVED F18 class :7,clean,clean,clean,SURVIVED F22 class,clean,clean,clean
packages/testing/mutation/stryker-js/mutation-run/src/config/module-loader.ts,clean,clean,SURVIVED F12 class :9,clean,clean,clean,SURVIVED F16 class :10,clean,clean,clean,clean,clean,SURVIVED F22 class,clean,clean,clean
packages/testing/mutation/stryker-js/mutation-run/src/config/options-path.ts,clean,clean,clean,clean,clean,clean,clean,clean,clean,clean,clean,clean,SURVIVED F22 class,clean,clean,clean
packages/testing/mutation/stryker-js/mutation-run/src/config/options-validator.ts,clean,clean,clean,"SURVIVED F13 class :6,54",clean,SURVIVED F15 class :338,"SURVIVED F16 class :76,95,100,102",clean,"SURVIVED F18 class :51,70",clean,clean,clean,SURVIVED F22 class,clean,clean,clean
packages/testing/mutation/stryker-js/mutation-run/src/config/removed-surface.ts,clean,clean,clean,clean,clean,clean,clean,clean,clean,clean,clean,clean,SURVIVED F22 class,clean,clean,clean
packages/testing/mutation/stryker-js/mutation-run/src/config/resolve-extends.ts,clean,clean,"SURVIVED F12 class :16,96,16,99",clean,clean,"SURVIVED F15 class :23,32,38,52","SURVIVED F16 class :18,37,58,119",clean,"SURVIVED F18 class :21,30,48,117",clean,SURVIVED F20 class :139,clean,SURVIVED F22 class,clean,clean,clean
packages/testing/mutation/stryker-js/mutation-run/src/config/validation-errors.ts,clean,clean,clean,clean,clean,clean,"SURVIVED F16 class :13,25,27,51",clean,"SURVIVED F18 class :55,59",clean,clean,clean,SURVIVED F22 class,clean,clean,clean
packages/testing/mutation/stryker-js/mutation-run/src/errors.ts,clean,clean,clean,SURVIVED F13 class :2,clean,clean,SURVIVED F16 class :7,clean,SURVIVED F18 class :4,clean,clean,clean,SURVIVED F22 class,clean,clean,clean
packages/testing/mutation/stryker-js/mutation-run/src/exit-classification.ts,SURVIVED :13 (F4),clean,clean,clean,clean,clean,"SURVIVED F16 class :38,43,42",clean,"SURVIVED F18 class :7,8,9,10",clean,clean,clean,SURVIVED F22 class,clean,clean,clean
packages/testing/mutation/stryker-js/mutation-run/src/index.ts,clean,clean,clean,clean,clean,clean,clean,clean,clean,clean,clean,clean,SURVIVED F22 class,clean,clean,clean
packages/testing/mutation/stryker-js/mutation-run/src/logging/index.ts,clean,clean,clean,clean,clean,clean,clean,clean,clean,clean,clean,clean,SURVIVED F22 class,clean,clean,clean
packages/testing/mutation/stryker-js/mutation-run/src/logging/log-level.ts,clean,clean,clean,clean,clean,clean,clean,clean,clean,clean,clean,clean,SURVIVED F22 class,clean,clean,clean
packages/testing/mutation/stryker-js/mutation-run/src/logging/logger-impl.ts,clean,clean,clean,clean,clean,clean,clean,clean,SURVIVED F18 class :6,clean,clean,clean,SURVIVED F22 class,clean,clean,clean
packages/testing/mutation/stryker-js/mutation-run/src/logging/logging-backend.ts,clean,clean,clean,SURVIVED F13 class :3,clean,clean,"SURVIVED F16 class :31,36,64,67",clean,"SURVIVED F18 class :16,17,18",clean,clean,clean,SURVIVED F22 class,clean,clean,clean
packages/testing/mutation/stryker-js/mutation-run/src/logging/logging-client.ts,clean,clean,SURVIVED F12 class :51,clean,clean,SURVIVED F15 class :39,"SURVIVED F16 class :38,43,52",clean,SURVIVED F18 class :11,clean,clean,clean,SURVIVED F22 class,clean,clean,clean
packages/testing/mutation/stryker-js/mutation-run/src/logging/logging-event.schema.ts,clean,clean,clean,clean,clean,clean,clean,clean,clean,clean,clean,clean,SURVIVED F22 class,clean,clean,clean
packages/testing/mutation/stryker-js/mutation-run/src/logging/logging-event.ts,SURVIVED F1..F5 class :11,clean,clean,clean,clean,clean,clean,clean,SURVIVED F18 class :13,clean,clean,clean,SURVIVED F22 class,clean,clean,clean
packages/testing/mutation/stryker-js/mutation-run/src/logging/logging-server.ts,clean,clean,SURVIVED F12 class :50,clean,clean,SURVIVED F15 class :55,"SURVIVED F16 class :54,28",clean,"SURVIVED F18 class :17,35",clean,clean,clean,SURVIVED F22 class,clean,clean,clean
packages/testing/mutation/stryker-js/mutation-run/src/logging/logging-sink.ts,clean,clean,clean,clean,clean,clean,clean,clean,clean,clean,clean,clean,SURVIVED F22 class,clean,clean,clean
packages/testing/mutation/stryker-js/mutation-run/src/logging/priority.ts,clean,clean,clean,clean,clean,clean,clean,clean,clean,clean,clean,clean,SURVIVED F22 class,clean,clean,clean
packages/testing/mutation/stryker-js/mutation-run/src/logging/provide-logging.ts,clean,"SURVIVED F10,F11,F25,F26,F28 class :19","SURVIVED F12 class :39,60","SURVIVED F13 class :3,2,24,28",clean,clean,clean,clean,clean,clean,clean,clean,SURVIVED F22 class,clean,"SURVIVED F24,F29 class :19",clean
packages/testing/mutation/stryker-js/mutation-run/src/mutants/diff-statistics-collector.ts,clean,clean,clean,clean,clean,clean,"SURVIVED F16 class :15,20,24",clean,"SURVIVED F18 class :1,10,2,3",clean,clean,clean,SURVIVED F22 class,clean,clean,clean
packages/testing/mutation/stryker-js/mutation-run/src/mutants/incremental-differ.ts,SURVIVED :26 (F5),clean,clean,"SURVIVED F13 class :13,59,60,61",clean,clean,"SURVIVED F16 class :125,140,164,166",clean,"SURVIVED F18 class :50,82,185,409",clean,clean,clean,SURVIVED F22 class,clean,clean,clean
packages/testing/mutation/stryker-js/mutation-run/src/mutants/index.ts,clean,clean,clean,clean,clean,clean,clean,clean,clean,clean,clean,clean,SURVIVED F22 class,clean,clean,clean
packages/testing/mutation/stryker-js/mutation-run/src/mutants/mutant-test-planner.ts,clean,clean,"SURVIVED F12 class :73,264,288","SURVIVED F13 class :13,47,48",clean,clean,"SURVIVED F16 class :84,97,215,240",clean,SURVIVED F18 class :39,clean,clean,clean,SURVIVED F22 class,clean,clean,clean
packages/testing/mutation/stryker-js/mutation-run/src/mutants/test-coverage.ts,clean,clean,clean,"SURVIVED F13 class :3,122",clean,clean,"SURVIVED F16 class :78,81,88,90",clean,"SURVIVED F18 class :9,91",clean,clean,clean,SURVIVED F22 class,clean,clean,clean
packages/testing/mutation/stryker-js/mutation-run/src/output-mode.ts,clean,clean,clean,clean,clean,clean,clean,clean,clean,clean,clean,clean,SURVIVED F22 class,clean,clean,clean
packages/testing/mutation/stryker-js/mutation-run/src/plugins/index.ts,clean,clean,clean,clean,clean,clean,clean,clean,clean,clean,clean,clean,SURVIVED F22 class,clean,clean,clean
packages/testing/mutation/stryker-js/mutation-run/src/plugins/injection-tokens.ts,clean,clean,clean,clean,clean,clean,clean,clean,clean,clean,clean,clean,SURVIVED F22 class,clean,clean,clean
packages/testing/mutation/stryker-js/mutation-run/src/plugins/plugin-creator.ts,clean,clean,clean,"SURVIVED F13 class :15,3,5,23",clean,"SURVIVED F15 class :58,76,83","SURVIVED F16 class :47,68,72",clean,SURVIVED F18 class :20,clean,clean,clean,SURVIVED F22 class,clean,clean,clean
packages/testing/mutation/stryker-js/mutation-run/src/plugins/plugin-loader.schema.ts,clean,clean,clean,clean,clean,clean,clean,clean,clean,clean,clean,clean,SURVIVED F22 class,clean,clean,clean
packages/testing/mutation/stryker-js/mutation-run/src/plugins/plugin-loader.ts,clean,clean,"SURVIVED F12 class :69,112,179,206","SURVIVED F13 class :8,55,55",clean,"SURVIVED F15 class :187,193,214,237","SURVIVED F16 class :91,95,102,116",clean,"SURVIVED F18 class :54,202",clean,clean,clean,SURVIVED F22 class,clean,clean,clean
packages/testing/mutation/stryker-js/mutation-run/src/project/file-system.ts,clean,clean,"SURVIVED F12 class :42,46,50,54",SURVIVED F13 class :6,"SURVIVED F14 class :5,5,18,24","SURVIVED F15 class :101,103",clean,clean,SURVIVED F18 class :15,clean,clean,clean,SURVIVED F22 class,clean,clean,clean
packages/testing/mutation/stryker-js/mutation-run/src/project/incremental-report.schema.ts,clean,clean,clean,clean,clean,clean,clean,clean,clean,clean,clean,clean,SURVIVED F22 class,clean,clean,clean
packages/testing/mutation/stryker-js/mutation-run/src/project/index.ts,clean,clean,clean,clean,clean,clean,clean,clean,clean,clean,clean,clean,SURVIVED F22 class,clean,clean,clean
packages/testing/mutation/stryker-js/mutation-run/src/project/project-file.ts,clean,clean,"SURVIVED F12 class :28,40,48,55",clean,clean,"SURVIVED F15 class :60,57,59","SURVIVED F16 class :29,49,56,62",clean,SURVIVED F18 class :15,clean,clean,clean,SURVIVED F22 class,clean,clean,clean
packages/testing/mutation/stryker-js/mutation-run/src/project/project-reader.ts,clean,clean,"SURVIVED F12 class :92,327,366,403","SURVIVED F13 class :12,57,58,55",clean,"SURVIVED F15 class :409,452","SURVIVED F16 class :121,128,161,166",clean,"SURVIVED F18 class :47,299,301,303",clean,clean,clean,SURVIVED F22 class,clean,clean,clean
packages/testing/mutation/stryker-js/mutation-run/src/project/project.ts,clean,clean,clean,clean,clean,clean,"SURVIVED F16 class :29,46,56,91",clean,"SURVIVED F18 class :14,23,44",clean,clean,clean,SURVIVED F22 class,clean,clean,clean
packages/testing/mutation/stryker-js/mutation-run/src/reporting/broadcast-reporter.ts,clean,clean,"SURVIVED F12 class :92,133","SURVIVED F13 class :10,3,18,20",clean,"SURVIVED F15 class :101,103","SURVIVED F16 class :55,76,77,95",clean,"SURVIVED F18 class :16,91",clean,clean,clean,SURVIVED F22 class,clean,clean,clean
packages/testing/mutation/stryker-js/mutation-run/src/reporting/index.ts,clean,clean,clean,clean,clean,clean,clean,clean,clean,clean,clean,clean,SURVIVED F22 class,clean,clean,clean
packages/testing/mutation/stryker-js/mutation-run/src/reporting/mutation-test-report-helper.ts,clean,clean,"SURVIVED F12 class :183,252,282,309","SURVIVED F13 class :14,77,79,75",clean,"SURVIVED F15 class :297,337,427,434","SURVIVED F16 class :187,227,228,294",clean,"SURVIVED F18 class :74,281,300,308",clean,clean,clean,SURVIVED F22 class,clean,clean,clean
packages/testing/mutation/stryker-js/mutation-run/src/reporting/strict-reporter.ts,clean,clean,clean,clean,clean,clean,clean,clean,clean,clean,clean,clean,SURVIVED F22 class,clean,clean,clean
packages/testing/mutation/stryker-js/mutation-run/src/run-event.ts,clean,clean,clean,clean,clean,clean,clean,clean,clean,clean,clean,clean,SURVIVED F22 class,clean,clean,clean
packages/testing/mutation/stryker-js/mutation-run/src/run-stages/1-prepare-executor.ts,clean,clean,SURVIVED F12 class :60,"SURVIVED F13 class :3,47,52,60",clean,SURVIVED F15 class :116,SURVIVED F16 class :115,SURVIVED F17 class :6,SURVIVED F18 class :45,clean,clean,clean,SURVIVED F22 class,clean,clean,clean
packages/testing/mutation/stryker-js/mutation-run/src/run-stages/2-mutant-instrumenter-executor.ts,clean,clean,SURVIVED F12 class :65,"SURVIVED F13 class :8,34,53,55",clean,SURVIVED F15 class :130,"SURVIVED F16 class :129,127",SURVIVED F17 class :16,"SURVIVED F18 class :51,76",clean,clean,clean,SURVIVED F22 class,clean,clean,clean
packages/testing/mutation/stryker-js/mutation-run/src/run-stages/3-dry-run-executor.ts,clean,"SURVIVED F10,F11,F25,F26,F28 class :190","SURVIVED F12 class :72,135","SURVIVED F13 class :5,53,54,55","SURVIVED F14 class :18,18,84","SURVIVED F15 class :90,117,130","SURVIVED F16 class :89,115,136,187",clean,SURVIVED F18 class :51,clean,clean,clean,SURVIVED F22 class,clean,clean,clean
packages/testing/mutation/stryker-js/mutation-run/src/run-stages/4-mutation-test-executor.ts,clean,clean,SURVIVED F12 class :76,"SURVIVED F13 class :11,55,56,48","SURVIVED F14 class :14,15,14,96",clean,"SURVIVED F16 class :77,84,242,243",clean,"SURVIVED F18 class :47,185",clean,clean,clean,SURVIVED F22 class,clean,clean,clean
packages/testing/mutation/stryker-js/mutation-run/src/run-stages/index.ts,clean,clean,clean,clean,clean,clean,clean,clean,clean,clean,clean,clean,SURVIVED F22 class,clean,clean,clean
packages/testing/mutation/stryker-js/mutation-run/src/run-stages/map.ts,clean,clean,clean,clean,clean,clean,clean,clean,SURVIVED F18 class :10,clean,clean,clean,SURVIVED F22 class,clean,clean,clean
packages/testing/mutation/stryker-js/mutation-run/src/sandbox/create-preprocessor.ts,clean,clean,clean,"SURVIVED F13 class :1,12,14",clean,clean,clean,clean,clean,clean,clean,clean,SURVIVED F22 class,clean,clean,clean
packages/testing/mutation/stryker-js/mutation-run/src/sandbox/disable-type-checks-preprocessor.ts,clean,"SURVIVED F10,F11,F25,F26,F28 class :19",SURVIVED F12 class :34,"SURVIVED F13 class :6,24,25",clean,"SURVIVED F15 class :40,50","SURVIVED F16 class :39,51,71",clean,"SURVIVED F18 class :22,57",clean,clean,clean,SURVIVED F22 class,clean,clean,clean
packages/testing/mutation/stryker-js/mutation-run/src/sandbox/file-preprocessor.ts,clean,"SURVIVED F10,F11,F25,F26,F28 class :5",SURVIVED F12 class :9,clean,clean,clean,clean,clean,clean,clean,clean,clean,SURVIVED F22 class,clean,clean,clean
packages/testing/mutation/stryker-js/mutation-run/src/sandbox/index.ts,clean,clean,clean,clean,clean,clean,clean,clean,clean,clean,clean,clean,SURVIVED F22 class,clean,clean,clean
packages/testing/mutation/stryker-js/mutation-run/src/sandbox/multi-preprocessor.ts,clean,clean,SURVIVED F12 class :8,clean,clean,clean,SURVIVED F16 class :9,clean,SURVIVED F18 class :5,clean,clean,clean,SURVIVED F22 class,clean,clean,clean
packages/testing/mutation/stryker-js/mutation-run/src/sandbox/parse-config-helper.ts,clean,clean,clean,clean,clean,"SURVIVED F15 class :34,38",SURVIVED F16 class :46,clean,SURVIVED F18 class :37,clean,clean,clean,SURVIVED F22 class,clean,clean,clean
packages/testing/mutation/stryker-js/mutation-run/src/sandbox/parse-config.schema.ts,clean,clean,clean,clean,clean,clean,clean,clean,SURVIVED F18 class :7,clean,clean,clean,SURVIVED F22 class,clean,clean,clean
packages/testing/mutation/stryker-js/mutation-run/src/sandbox/resolve-reference-helper.ts,clean,clean,clean,clean,clean,clean,clean,clean,clean,clean,clean,clean,SURVIVED F22 class,clean,clean,clean
packages/testing/mutation/stryker-js/mutation-run/src/sandbox/sandbox.ts,clean,clean,"SURVIVED F12 class :22,51,134,154","SURVIVED F13 class :6,96,97",clean,SURVIVED F15 class :143,"SURVIVED F16 class :28,32,62,65","SURVIVED F17 class :8,9",SURVIVED F18 class :82,clean,clean,clean,SURVIVED F22 class,clean,clean,clean
packages/testing/mutation/stryker-js/mutation-run/src/sandbox/temporary-directory.ts,clean,clean,"SURVIVED F12 class :24,47","SURVIVED F13 class :7,6,14,15",clean,"SURVIVED F15 class :41,53,58,63","SURVIVED F16 class :34,48,67",clean,SURVIVED F18 class :9,clean,clean,clean,SURVIVED F22 class,clean,clean,clean
packages/testing/mutation/stryker-js/mutation-run/src/sandbox/ts-config-preprocessor.ts,clean,clean,"SURVIVED F12 class :45,61,99,122","SURVIVED F13 class :5,37,38",clean,clean,"SURVIVED F16 class :46,62,65,71",clean,SURVIVED F18 class :34,clean,clean,clean,SURVIVED F22 class,clean,clean,clean
packages/testing/mutation/stryker-js/mutation-run/src/stryker-package.schema.ts,clean,clean,clean,clean,clean,clean,clean,clean,clean,clean,clean,clean,SURVIVED F22 class,clean,clean,clean
packages/testing/mutation/stryker-js/mutation-run/src/stryker-package.ts,clean,clean,clean,clean,clean,clean,clean,clean,clean,clean,clean,clean,SURVIVED F22 class,clean,clean,clean
packages/testing/mutation/stryker-js/mutation-run/src/stryker.ts,clean,clean,"SURVIVED F12 class :64,114","SURVIVED F13 class :3,2,3,61",clean,"SURVIVED F15 class :66,122,134,153","SURVIVED F16 class :161,177,187",clean,SURVIVED F18 class :51,clean,clean,clean,SURVIVED F22 class,clean,clean,clean
packages/testing/mutation/stryker-js/mutation-run/src/test-runner/child-process-test-runner-proxy.ts,clean,clean,"SURVIVED F12 class :58,62,66,69",clean,clean,clean,SURVIVED F16 class :78,clean,SURVIVED F18 class :28,clean,clean,clean,SURVIVED F22 class,clean,clean,clean
packages/testing/mutation/stryker-js/mutation-run/src/test-runner/child-process-test-runner-worker.ts,clean,clean,"SURVIVED F12 class :30,34,40,46","SURVIVED F13 class :2,22,22",clean,clean,"SURVIVED F16 class :35,41,48,56",clean,SURVIVED F18 class :19,clean,clean,clean,SURVIVED F22 class,clean,clean,clean
packages/testing/mutation/stryker-js/mutation-run/src/test-runner/command-test-runner.ts,clean,clean,"SURVIVED F12 class :70,79,85,94",clean,clean,"SURVIVED F15 class :72,112","SURVIVED F16 class :71,108,163,195",clean,"SURVIVED F18 class :36,55",clean,clean,clean,SURVIVED F22 class,clean,clean,clean
packages/testing/mutation/stryker-js/mutation-run/src/test-runner/index.ts,clean,clean,clean,"SURVIVED F13 class :3,20,21,24",clean,clean,SURVIVED F16 class :37,clean,clean,clean,clean,clean,SURVIVED F22 class,clean,clean,clean
packages/testing/mutation/stryker-js/mutation-run/src/test-runner/max-test-runner-reuse-decorator.ts,clean,clean,"SURVIVED F12 class :27,37",clean,clean,clean,SURVIVED F16 class :29,clean,"SURVIVED F18 class :14,15,19",clean,clean,clean,SURVIVED F22 class,clean,clean,clean
packages/testing/mutation/stryker-js/mutation-run/src/test-runner/mutant-coverage.schema.ts,clean,clean,clean,clean,clean,clean,clean,clean,clean,clean,clean,clean,SURVIVED F22 class,clean,clean,clean
packages/testing/mutation/stryker-js/mutation-run/src/test-runner/reload-environment-decorator.ts,clean,clean,"SURVIVED F12 class :21,28,35",clean,clean,clean,"SURVIVED F16 class :22,37,43,53",clean,"SURVIVED F18 class :17,19,38,52",clean,clean,clean,SURVIVED F22 class,clean,clean,clean
packages/testing/mutation/stryker-js/mutation-run/src/test-runner/retry-rejected-decorator.ts,clean,clean,"SURVIVED F12 class :32,44,60",clean,clean,"SURVIVED F15 class :62,64","SURVIVED F16 class :34,46,61,65",clean,"SURVIVED F18 class :24,27,57,58",clean,clean,clean,SURVIVED F22 class,clean,clean,clean
packages/testing/mutation/stryker-js/mutation-run/src/test-runner/test-runner-decorator.ts,clean,clean,"SURVIVED F12 class :13,16,19",clean,clean,clean,clean,clean,SURVIVED F18 class :12,clean,clean,clean,SURVIVED F22 class,clean,clean,clean
packages/testing/mutation/stryker-js/mutation-run/src/test-runner/timeout-decorator.ts,clean,clean,"SURVIVED F12 class :26,37,51,65",clean,clean,clean,"SURVIVED F16 class :28,39,57",clean,"SURVIVED F18 class :18,21,50",clean,clean,clean,SURVIVED F22 class,clean,clean,clean
packages/testing/mutation/stryker-js/mutation-run/src/timer.ts,clean,clean,clean,clean,clean,clean,"SURVIVED F16 class :29,47",clean,SURVIVED F18 class :5,clean,clean,clean,SURVIVED F22 class,clean,clean,clean
packages/testing/mutation/stryker-js/mutation-run/src/unexpected-exit-handler.ts,clean,clean,clean,clean,clean,clean,clean,clean,SURVIVED F18 class :14,SURVIVED F19 class :9,clean,clean,SURVIVED F22 class,clean,clean,clean
packages/testing/mutation/stryker-js/mutation-run/src/verdict-envelope.ts,clean,clean,clean,clean,clean,clean,"SURVIVED F16 class :122,141,142,156",clean,"SURVIVED F18 class :114,149",clean,clean,clean,SURVIVED F22 class,clean,clean,clean
packages/testing/mutation/stryker-js/mutation-run/src/worker-pool/child-process-crashed-error.ts,clean,clean,clean,clean,clean,clean,clean,clean,SURVIVED F18 class :3,clean,clean,clean,SURVIVED F22 class,clean,clean,clean
packages/testing/mutation/stryker-js/mutation-run/src/worker-pool/child-process-proxy-worker-main.ts,clean,clean,clean,"SURVIVED F13 class :1,1,12",clean,clean,clean,clean,clean,clean,clean,clean,SURVIVED F22 class,clean,clean,clean
packages/testing/mutation/stryker-js/mutation-run/src/worker-pool/child-process-proxy-worker.ts,clean,"SURVIVED F10,F11,F25,F26,F28 class :91,96",SURVIVED F12 class :234,"SURVIVED F13 class :7,3,7,63",clean,"SURVIVED F15 class :73,143,191,111","SURVIVED F16 class :72,75,81,142",clean,SURVIVED F18 class :57,clean,clean,clean,SURVIVED F22 class,clean,"SURVIVED F24,F29 class :91,96",clean
packages/testing/mutation/stryker-js/mutation-run/src/worker-pool/child-process-proxy.ts,clean,"SURVIVED F10,F11,F25,F26,F28 class :382",SURVIVED F12 class :365,"SURVIVED F13 class :10,10,118",clean,"SURVIVED F15 class :148,372","SURVIVED F16 class :147,169,181,211",clean,"SURVIVED F18 class :46,54,58,168",clean,clean,clean,SURVIVED F22 class,clean,"SURVIVED F24,F29 class :382",clean
packages/testing/mutation/stryker-js/mutation-run/src/worker-pool/concurrency-token-provider.ts,clean,clean,clean,"SURVIVED F13 class :7,5,19,20","SURVIVED F14 class :6,6,12,14",clean,"SURVIVED F16 class :32,57,59,74",clean,"SURVIVED F18 class :9,96",clean,clean,clean,SURVIVED F22 class,clean,clean,clean
packages/testing/mutation/stryker-js/mutation-run/src/worker-pool/id-generator.ts,clean,clean,clean,clean,clean,clean,clean,clean,"SURVIVED F18 class :1,2",clean,clean,clean,SURVIVED F22 class,clean,clean,clean
packages/testing/mutation/stryker-js/mutation-run/src/worker-pool/index.ts,clean,clean,clean,clean,clean,clean,clean,clean,clean,clean,clean,clean,SURVIVED F22 class,clean,clean,clean
packages/testing/mutation/stryker-js/mutation-run/src/worker-pool/json-rpc-event-deserializer.ts,clean,clean,clean,clean,clean,clean,"SURVIVED F16 class :13,25,38,37",clean,SURVIVED F18 class :5,clean,clean,clean,SURVIVED F22 class,clean,clean,clean
packages/testing/mutation/stryker-js/mutation-run/src/worker-pool/kill.ts,clean,clean,SURVIVED F12 class :3,clean,clean,clean,"SURVIVED F16 class :5,12",SURVIVED F17 class :1,clean,clean,clean,clean,SURVIVED F22 class,clean,clean,clean
packages/testing/mutation/stryker-js/mutation-run/src/worker-pool/message-protocol.schema.ts,clean,clean,clean,clean,clean,clean,clean,clean,clean,clean,clean,clean,SURVIVED F22 class,clean,clean,clean
packages/testing/mutation/stryker-js/mutation-run/src/worker-pool/message-protocol.ts,clean,clean,clean,clean,clean,clean,clean,clean,clean,clean,clean,clean,SURVIVED F22 class,clean,clean,clean
packages/testing/mutation/stryker-js/mutation-run/src/worker-pool/out-of-memory-error.ts,clean,clean,clean,clean,clean,clean,clean,clean,SURVIVED F18 class :3,clean,clean,clean,SURVIVED F22 class,clean,clean,clean
packages/testing/mutation/stryker-js/mutation-run/src/worker-pool/pool.ts,clean,"SURVIVED F10,F11,F25,F26,F28 class :216","SURVIVED F12 class :29,99,184,209",SURVIVED F13 class :16,"SURVIVED F14 class :15,4,7,8","SURVIVED F15 class :74,78","SURVIVED F16 class :153,210",clean,"SURVIVED F18 class :57,110,37,48",clean,clean,clean,SURVIVED F22 class,clean,"SURVIVED F24,F29 class :216",clean
packages/testing/mutation/stryker-js/mutation-run/src/worker-pool/resource-decorator.ts,clean,clean,"SURVIVED F12 class :12,16,23",clean,clean,clean,clean,clean,SURVIVED F18 class :3,clean,clean,clean,SURVIVED F22 class,clean,clean,clean
packages/testing/mutation/stryker-js/mutation-run/src/worker-pool/string-builder.ts,clean,clean,clean,clean,clean,clean,"SURVIVED F16 class :16,14",clean,"SURVIVED F18 class :6,7",clean,clean,clean,SURVIVED F22 class,clean,clean,clean
packages/testing/mutation/stryker-js/mutation-run/src/worker-pool/string-utils.ts,clean,clean,clean,clean,clean,clean,clean,clean,clean,clean,clean,clean,SURVIVED F22 class,clean,clean,clean
packages/testing/mutation/stryker-js/mutation-run/src/worker-pool/subject-module.schema.ts,clean,clean,clean,clean,clean,clean,clean,clean,"SURVIVED F18 class :9,20",clean,clean,clean,SURVIVED F22 class,clean,clean,clean
packages/testing/mutation/stryker-js/mutation-run/tests/__fixtures__/option-document.schema.ts,clean,clean,clean,clean,clean,clean,clean,clean,clean,clean,clean,clean,SURVIVED F22 class,clean,clean,clean
packages/testing/mutation/stryker-js/mutation-run/tests/__fixtures__/protocol-round-trip-subject.mjs,clean,clean,clean,"SURVIVED F13 class :6,22",clean,clean,clean,clean,SURVIVED F18 class :21,clean,clean,clean,SURVIVED F22 class,clean,clean,clean
packages/testing/mutation/stryker-js/mutation-run/tests/child-process-proxy-worker-bootstrap.integration.test.ts,clean,clean,"SURVIVED F12 class :71,93,134,150",SURVIVED F13 class :224,clean,"SURVIVED F15 class :98,114,120,126","SURVIVED F16 class :76,107,112,119","SURVIVED F17 class :23,24,20,21",SURVIVED F18 class :96,clean,clean,clean,SURVIVED F22 class,clean,clean,clean
packages/testing/mutation/stryker-js/mutation-run/tests/exit-code.integration.test.ts,clean,clean,clean,clean,clean,clean,clean,clean,clean,clean,clean,clean,SURVIVED F22 class,clean,clean,clean
packages/testing/mutation/stryker-js/mutation-run/tests/verdict-envelope.integration.test.ts,clean,clean,clean,clean,clean,clean,SURVIVED F16 class :286,clean,"SURVIVED F18 class :28,39,48",clean,clean,clean,SURVIVED F22 class,clean,clean,clean
packages/testing/mutation/stryker-js/mutation-run/tsdown.config.ts,clean,clean,clean,clean,clean,clean,clean,clean,clean,clean,clean,clean,SURVIVED F22 class,clean,clean,clean
packages/testing/mutation/stryker-js/mutation-run/vitest.config.ts,clean,clean,clean,clean,clean,clean,clean,clean,clean,clean,clean,clean,SURVIVED F22 class,clean,clean,clean
packages/testing/mutation/stryker-js/mutation-run/vitest.stryker.config.ts,clean,clean,clean,clean,clean,clean,clean,clean,clean,clean,clean,clean,SURVIVED F22 class,clean,clean,clean
packages/testing/mutation/stryker-js/plugin-api/oxlint.config.ts,clean,clean,clean,clean,clean,clean,clean,clean,clean,clean,clean,clean,SURVIVED F22 class,clean,clean,SURVIVED F30 class :1
packages/testing/mutation/stryker-js/plugin-api/src/check/CheckResult.ts,clean,clean,clean,clean,clean,clean,clean,clean,clean,clean,clean,clean,SURVIVED F22 class,clean,clean,clean
packages/testing/mutation/stryker-js/plugin-api/src/check/CheckStatus.ts,clean,clean,clean,clean,clean,clean,clean,clean,"SURVIVED F18 class :2,3",clean,clean,clean,SURVIVED F22 class,clean,clean,clean
packages/testing/mutation/stryker-js/plugin-api/src/check/Checker.ts,clean,clean,"SURVIVED F12 class :6,13,21",clean,clean,clean,clean,clean,clean,clean,clean,clean,SURVIVED F22 class,clean,clean,clean
packages/testing/mutation/stryker-js/plugin-api/src/check/MutantStatus.ts,clean,clean,clean,clean,clean,clean,clean,clean,"SURVIVED F18 class :2,3,4,5",clean,clean,clean,SURVIVED F22 class,clean,clean,clean
packages/testing/mutation/stryker-js/plugin-api/src/check/index.ts,clean,clean,clean,clean,clean,clean,clean,clean,clean,clean,clean,clean,SURVIVED F22 class,clean,clean,clean
packages/testing/mutation/stryker-js/plugin-api/src/core/FileDescription.ts,clean,clean,clean,clean,clean,clean,clean,clean,clean,clean,clean,SURVIVED F21 class,SURVIVED F22 class,clean,clean,clean
packages/testing/mutation/stryker-js/plugin-api/src/core/Instrument.ts,clean,clean,clean,clean,clean,clean,clean,clean,clean,clean,clean,SURVIVED F21 class,SURVIVED F22 class,clean,clean,clean
packages/testing/mutation/stryker-js/plugin-api/src/core/Location.ts,clean,clean,clean,clean,clean,clean,clean,clean,clean,clean,clean,SURVIVED F21 class,SURVIVED F22 class,clean,clean,clean
packages/testing/mutation/stryker-js/plugin-api/src/core/Mutant.ts,clean,clean,clean,clean,clean,clean,clean,clean,clean,clean,clean,SURVIVED F21 class,SURVIVED F22 class,clean,clean,clean
packages/testing/mutation/stryker-js/plugin-api/src/core/MutantCoverage.ts,clean,clean,clean,clean,clean,clean,clean,clean,clean,clean,clean,SURVIVED F21 class,SURVIVED F22 class,clean,clean,clean
packages/testing/mutation/stryker-js/plugin-api/src/core/MutantTestPlan.ts,clean,clean,clean,clean,clean,clean,clean,clean,"SURVIVED F18 class :19,23",clean,clean,SURVIVED F21 class,SURVIVED F22 class,clean,clean,clean
packages/testing/mutation/stryker-js/plugin-api/src/core/MutationRange.ts,clean,clean,clean,clean,clean,clean,clean,clean,clean,clean,clean,SURVIVED F21 class,SURVIVED F22 class,clean,clean,clean
packages/testing/mutation/stryker-js/plugin-api/src/core/Position.ts,clean,clean,clean,clean,clean,clean,clean,clean,clean,clean,clean,SURVIVED F21 class,SURVIVED F22 class,clean,clean,clean
packages/testing/mutation/stryker-js/plugin-api/src/core/ReportTypes.ts,clean,clean,clean,clean,clean,clean,clean,clean,clean,clean,clean,SURVIVED F21 class,SURVIVED F22 class,clean,clean,clean
packages/testing/mutation/stryker-js/plugin-api/src/core/StrykerCoreSchema.ts,clean,clean,clean,clean,clean,clean,clean,clean,clean,clean,clean,SURVIVED F21 class,SURVIVED F22 class,clean,clean,clean
packages/testing/mutation/stryker-js/plugin-api/src/core/StrykerOptions.schema.ts,clean,clean,clean,clean,clean,clean,clean,clean,clean,clean,clean,SURVIVED F21 class,SURVIVED F22 class,clean,clean,clean
packages/testing/mutation/stryker-js/plugin-api/src/core/index.ts,clean,clean,clean,clean,clean,clean,clean,clean,clean,clean,clean,SURVIVED F21 class,SURVIVED F22 class,clean,clean,clean
packages/testing/mutation/stryker-js/plugin-api/src/evaluate/Evaluator.ts,clean,clean,clean,clean,clean,clean,clean,clean,clean,clean,clean,clean,SURVIVED F22 class,clean,clean,clean
packages/testing/mutation/stryker-js/plugin-api/src/evaluate/index.ts,clean,clean,clean,clean,clean,clean,clean,clean,clean,clean,clean,clean,SURVIVED F22 class,clean,clean,clean
packages/testing/mutation/stryker-js/plugin-api/src/ignore/Ignorer.ts,clean,"SURVIVED F10,F11,F25,F26,F28 class :1",clean,clean,clean,clean,clean,clean,clean,clean,clean,clean,SURVIVED F22 class,clean,"SURVIVED F24,F29 class :1",clean
packages/testing/mutation/stryker-js/plugin-api/src/ignore/index.ts,clean,clean,clean,clean,clean,clean,clean,clean,clean,clean,clean,clean,SURVIVED F22 class,clean,clean,clean
packages/testing/mutation/stryker-js/plugin-api/src/logging/Logger.ts,clean,clean,clean,clean,clean,clean,clean,clean,clean,clean,clean,clean,SURVIVED F22 class,clean,clean,clean
packages/testing/mutation/stryker-js/plugin-api/src/logging/LoggerFactoryMethod.ts,clean,clean,clean,clean,clean,clean,clean,clean,clean,clean,clean,clean,SURVIVED F22 class,clean,clean,clean
packages/testing/mutation/stryker-js/plugin-api/src/logging/index.ts,clean,clean,clean,clean,clean,clean,clean,clean,clean,clean,clean,clean,SURVIVED F22 class,clean,clean,clean
packages/testing/mutation/stryker-js/plugin-api/src/plugin/Contexts.ts,clean,clean,clean,"SURVIVED F13 class :4,10,11,19",clean,clean,clean,clean,clean,clean,clean,clean,SURVIVED F22 class,clean,clean,clean
packages/testing/mutation/stryker-js/plugin-api/src/plugin/PluginKind.ts,clean,clean,clean,clean,clean,clean,clean,clean,"SURVIVED F18 class :5,6,7,8",clean,clean,clean,SURVIVED F22 class,clean,clean,clean
packages/testing/mutation/stryker-js/plugin-api/src/plugin/Plugins.ts,clean,clean,clean,"SURVIVED F13 class :1,1,17,18",clean,clean,clean,clean,clean,clean,clean,clean,SURVIVED F22 class,clean,clean,clean
packages/testing/mutation/stryker-js/plugin-api/src/plugin/Scope.ts,clean,clean,clean,clean,clean,clean,clean,clean,"SURVIVED F18 class :2,3",clean,clean,clean,SURVIVED F22 class,clean,clean,clean
packages/testing/mutation/stryker-js/plugin-api/src/plugin/Tokens.ts,clean,clean,clean,SURVIVED F13 class :15,clean,clean,clean,clean,clean,clean,clean,clean,SURVIVED F22 class,clean,clean,clean
packages/testing/mutation/stryker-js/plugin-api/src/plugin/index.ts,clean,clean,clean,"SURVIVED F13 class :1,1",clean,clean,clean,clean,clean,clean,clean,clean,SURVIVED F22 class,clean,clean,clean
packages/testing/mutation/stryker-js/plugin-api/src/report/DryRunCompletedEvent.ts,clean,clean,clean,clean,clean,clean,clean,clean,clean,clean,clean,clean,SURVIVED F22 class,clean,clean,clean
packages/testing/mutation/stryker-js/plugin-api/src/report/MutationTestingPlanReadyEvent.ts,clean,clean,clean,clean,clean,clean,clean,clean,clean,clean,clean,clean,SURVIVED F22 class,clean,clean,clean
packages/testing/mutation/stryker-js/plugin-api/src/report/Reporter.ts,clean,clean,SURVIVED F12 class :46,clean,clean,clean,clean,clean,clean,clean,clean,clean,SURVIVED F22 class,clean,clean,clean
packages/testing/mutation/stryker-js/plugin-api/src/report/index.ts,clean,clean,clean,clean,clean,clean,clean,clean,clean,clean,clean,clean,SURVIVED F22 class,clean,clean,clean
packages/testing/mutation/stryker-js/plugin-api/src/test-runner/DryRunResult.ts,clean,clean,clean,clean,clean,clean,clean,clean,clean,clean,clean,clean,SURVIVED F22 class,clean,clean,clean
packages/testing/mutation/stryker-js/plugin-api/src/test-runner/DryRunStatus.ts,clean,clean,clean,clean,clean,clean,clean,clean,"SURVIVED F18 class :5,9,13",clean,clean,clean,SURVIVED F22 class,clean,clean,clean
packages/testing/mutation/stryker-js/plugin-api/src/test-runner/MutantRunResult.ts,clean,clean,clean,clean,clean,clean,clean,clean,"SURVIVED F18 class :2,3,4,5",clean,clean,clean,SURVIVED F22 class,clean,clean,clean
packages/testing/mutation/stryker-js/plugin-api/src/test-runner/RunOptions.ts,clean,clean,clean,clean,clean,clean,clean,clean,clean,clean,clean,clean,SURVIVED F22 class,clean,clean,clean
packages/testing/mutation/stryker-js/plugin-api/src/test-runner/RunResultHelpers.ts,clean,clean,clean,clean,clean,clean,"SURVIVED F16 class :11,33,24",clean,SURVIVED F18 class :22,clean,clean,clean,SURVIVED F22 class,clean,clean,clean
packages/testing/mutation/stryker-js/plugin-api/src/test-runner/TestResult.ts,clean,clean,clean,clean,clean,clean,clean,clean,clean,clean,clean,clean,SURVIVED F22 class,clean,clean,clean
packages/testing/mutation/stryker-js/plugin-api/src/test-runner/TestRunner.ts,clean,clean,"SURVIVED F12 class :7,8,9,10",clean,clean,clean,clean,clean,clean,clean,clean,clean,SURVIVED F22 class,clean,clean,clean
packages/testing/mutation/stryker-js/plugin-api/src/test-runner/TestRunnerCapabilities.ts,clean,clean,clean,clean,clean,clean,clean,clean,clean,clean,clean,clean,SURVIVED F22 class,clean,clean,clean
packages/testing/mutation/stryker-js/plugin-api/src/test-runner/TestStatus.ts,clean,clean,clean,clean,clean,clean,clean,clean,clean,clean,clean,clean,SURVIVED F22 class,clean,clean,clean
packages/testing/mutation/stryker-js/plugin-api/src/test-runner/index.ts,clean,clean,clean,clean,clean,clean,clean,clean,clean,clean,clean,clean,SURVIVED F22 class,clean,clean,clean
packages/testing/mutation/stryker-js/plugin-api/tsdown.config.ts,clean,clean,clean,clean,clean,clean,clean,clean,clean,clean,clean,clean,SURVIVED F22 class,clean,clean,clean
packages/testing/mutation/stryker-js/typescript-checker/oxlint.config.ts,clean,clean,clean,clean,clean,clean,clean,clean,clean,clean,clean,clean,clean,clean,clean,SURVIVED F30 class :1
packages/testing/mutation/stryker-js/typescript-checker/src/grouping/create-groups.ts,clean,clean,clean,clean,clean,SURVIVED F15 class :61,"SURVIVED F16 class :30,60,71,28",clean,clean,clean,clean,clean,clean,clean,clean,clean
packages/testing/mutation/stryker-js/typescript-checker/src/grouping/ts-file-node.ts,clean,clean,clean,clean,clean,clean,"SURVIVED F16 class :19,31,42",clean,"SURVIVED F18 class :7,15,27,40",clean,clean,clean,clean,clean,clean,clean
packages/testing/mutation/stryker-js/typescript-checker/src/project/hybrid-file-system.ts,clean,clean,clean,clean,clean,"SURVIVED F15 class :100,84,87","SURVIVED F16 class :27,31,35,38",clean,"SURVIVED F18 class :16,23,25,45",clean,clean,clean,clean,clean,clean,clean
packages/testing/mutation/stryker-js/typescript-checker/src/project/script-file.ts,clean,clean,clean,clean,clean,clean,"SURVIVED F16 class :32,30",clean,"SURVIVED F18 class :3,9",clean,clean,clean,clean,clean,clean,clean
packages/testing/mutation/stryker-js/typescript-checker/src/tsconfig-helpers.schema.ts,clean,clean,clean,clean,clean,clean,clean,clean,SURVIVED F18 class :7,clean,clean,clean,clean,clean,clean,clean
packages/testing/mutation/stryker-js/typescript-checker/src/tsconfig-helpers.ts,SURVIVED :35 (F3),clean,clean,clean,clean,"SURVIVED F15 class :52,65,77","SURVIVED F16 class :38,51,119,129",clean,"SURVIVED F18 class :45,99,100,153",clean,clean,clean,clean,clean,clean,clean
packages/testing/mutation/stryker-js/typescript-checker/src/typescript-checker.ts,clean,clean,"SURVIVED F12 class :70,80,106,131","SURVIVED F13 class :7,33,38,41",clean,"SURVIVED F15 class :74,146,156","SURVIVED F16 class :73,87,107,117",clean,"SURVIVED F18 class :53,225",clean,clean,clean,clean,clean,clean,clean
packages/testing/mutation/stryker-js/typescript-checker/src/typescript-compiler.ts,clean,SURVIVED :265 (F10),"SURVIVED F12 class :33,34,76,93","SURVIVED F13 class :6,51,52,50",clean,"SURVIVED F15 class :103,154,198,202","SURVIVED F16 class :102,118,143,153",clean,"SURVIVED F18 class :49,62,63,291",clean,clean,clean,clean,clean,clean,clean
packages/testing/mutation/stryker-js/typescript-checker/testResources/single-project/src/counter.ts,clean,clean,clean,clean,clean,clean,clean,clean,SURVIVED F18 class :1,clean,clean,clean,clean,clean,clean,clean
packages/testing/mutation/stryker-js/typescript-checker/testResources/single-project/src/errorInFileAbove2Mutants/counter.ts,clean,clean,clean,clean,clean,clean,clean,clean,SURVIVED F18 class :1,clean,clean,clean,clean,clean,clean,clean
packages/testing/mutation/stryker-js/typescript-checker/testResources/single-project/src/errorInFileAbove2Mutants/todo-counter.ts,"SURVIVED F1..F5 class :4,5",clean,clean,clean,clean,clean,clean,clean,clean,clean,clean,clean,clean,clean,clean,clean
packages/testing/mutation/stryker-js/typescript-checker/testResources/single-project/src/errorInFileAbove2Mutants/todo.spec.ts,SURVIVED F1..F5 class :3,clean,clean,clean,clean,clean,clean,clean,clean,clean,clean,clean,clean,clean,clean,clean
packages/testing/mutation/stryker-js/typescript-checker/testResources/single-project/src/errorInFileAbove2Mutants/todo.ts,clean,clean,clean,clean,clean,clean,clean,clean,"SURVIVED F18 class :7,11",clean,clean,clean,clean,clean,clean,clean
packages/testing/mutation/stryker-js/typescript-checker/testResources/single-project/src/todo.spec.ts,SURVIVED F1..F5 class :3,clean,clean,clean,clean,clean,clean,clean,clean,clean,clean,clean,clean,clean,clean,clean
packages/testing/mutation/stryker-js/typescript-checker/testResources/single-project/src/todo.ts,clean,clean,clean,clean,clean,clean,clean,clean,"SURVIVED F18 class :7,11",clean,clean,clean,clean,clean,clean,clean
packages/testing/mutation/stryker-js/util/oxlint.config.ts,clean,clean,clean,clean,clean,clean,clean,clean,clean,clean,clean,SURVIVED F21 class,SURVIVED F22 class,clean,clean,SURVIVED F30 class :1
packages/testing/mutation/stryker-js/util/src/child-process-as-promised.ts,clean,clean,clean,clean,clean,clean,clean,SURVIVED F17 class :2,clean,clean,clean,SURVIVED F21 class,SURVIVED F22 class,clean,SURVIVED :1 (F24),clean
packages/testing/mutation/stryker-js/util/src/deep-merge.ts,clean,"SURVIVED :17,18,26,30 (F25)",clean,clean,clean,clean,"SURVIVED F16 class :19,20",clean,SURVIVED F18 class :21,clean,clean,SURVIVED F21 class,SURVIVED F22 class,clean,clean,clean
packages/testing/mutation/stryker-js/util/src/errors.ts,clean,SURVIVED :14 (F26),clean,clean,clean,clean,"SURVIVED F16 class :18,21,22,26",clean,clean,clean,clean,SURVIVED F21 class,SURVIVED F22 class,clean,clean,clean
packages/testing/mutation/stryker-js/util/src/find-unserializables.ts,clean,clean,clean,clean,clean,clean,"SURVIVED F16 class :36,39,51,11",clean,clean,clean,clean,SURVIVED F21 class,SURVIVED F22 class,clean,clean,clean
packages/testing/mutation/stryker-js/util/src/i.ts,clean,clean,clean,clean,clean,clean,clean,clean,clean,clean,clean,SURVIVED F21 class,SURVIVED F22 class,clean,clean,clean
packages/testing/mutation/stryker-js/util/src/immutable.ts,clean,clean,clean,clean,clean,clean,"SURVIVED F16 class :25,28,38,41",clean,clean,clean,clean,SURVIVED F21 class,SURVIVED F22 class,clean,clean,clean
packages/testing/mutation/stryker-js/util/src/index.ts,clean,clean,clean,clean,clean,clean,clean,clean,clean,clean,clean,SURVIVED F21 class,SURVIVED F22 class,clean,clean,clean
packages/testing/mutation/stryker-js/util/src/known-keys.ts,clean,clean,clean,clean,clean,clean,clean,clean,clean,clean,clean,SURVIVED F21 class,SURVIVED F22 class,clean,clean,clean
packages/testing/mutation/stryker-js/util/src/noop-logger.ts,clean,clean,clean,clean,clean,clean,clean,clean,clean,clean,clean,SURVIVED F21 class,SURVIVED F22 class,clean,clean,clean
packages/testing/mutation/stryker-js/util/src/not-empty.ts,clean,clean,clean,clean,clean,clean,clean,clean,clean,clean,clean,SURVIVED F21 class,SURVIVED F22 class,clean,clean,clean
packages/testing/mutation/stryker-js/util/src/platform.ts,clean,clean,clean,clean,clean,clean,clean,clean,clean,clean,clean,SURVIVED F21 class,SURVIVED F22 class,clean,"SURVIVED F24,F29 class",clean
packages/testing/mutation/stryker-js/util/src/primitive.ts,clean,clean,clean,clean,clean,clean,clean,clean,clean,clean,clean,SURVIVED F21 class,SURVIVED F22 class,clean,clean,clean
packages/testing/mutation/stryker-js/util/src/require-resolve.ts,clean,clean,clean,clean,clean,clean,clean,clean,clean,clean,clean,SURVIVED F21 class,SURVIVED F22 class,clean,clean,clean
packages/testing/mutation/stryker-js/util/src/split.ts,clean,clean,clean,clean,clean,clean,"SURVIVED F16 class :9,8",clean,SURVIVED F18 class :3,clean,clean,SURVIVED F21 class,SURVIVED F22 class,clean,clean,clean
packages/testing/mutation/stryker-js/util/src/string-utils.ts,clean,clean,clean,clean,clean,clean,clean,clean,clean,clean,clean,clean,SURVIVED F22 class,clean,"SURVIVED F24,F29 class",clean
packages/testing/mutation/stryker-js/util/src/stryker-error.ts,clean,clean,clean,clean,clean,clean,clean,clean,SURVIVED F18 class :3,clean,clean,SURVIVED F21 class,SURVIVED F22 class,clean,clean,clean
packages/testing/mutation/stryker-js/util/src/task.ts,clean,"SURVIVED F10,F11,F25,F26,F28 class :63","SURVIVED F12 class :5,17,50,52",clean,clean,clean,clean,clean,"SURVIVED F18 class :4,39,8,25",clean,clean,SURVIVED F21 class,SURVIVED F22 class,clean,SURVIVED :63 (F29),clean
packages/testing/mutation/stryker-js/util/src/test-files-provided.ts,clean,clean,clean,clean,clean,clean,clean,clean,clean,clean,clean,SURVIVED F21 class,SURVIVED F22 class,clean,clean,clean
packages/testing/mutation/stryker-js/util/tsdown.config.ts,clean,clean,clean,clean,clean,clean,clean,clean,clean,clean,clean,SURVIVED F21 class,SURVIVED F22 class,clean,clean,clean
packages/testing/mutation/stryker-js/vitest-runner/oxlint.config.ts,clean,clean,clean,clean,clean,clean,clean,clean,clean,clean,clean,clean,clean,clean,clean,SURVIVED F30 class :1
packages/testing/mutation/stryker-js/vitest-runner/src/sandbox-self-aliases.ts,clean,clean,clean,clean,clean,"SURVIVED F15 class :65,67,71,73","SURVIVED F16 class :17,30,33,45",clean,"SURVIVED F18 class :66,72,77,78",clean,clean,clean,clean,clean,clean,clean
packages/testing/mutation/stryker-js/vitest-runner/src/stryker-setup.ts,clean,"SURVIVED F10,F11,F25,F26,F28 class :40,62",clean,clean,clean,clean,"SURVIVED F16 class :25,30,38,60",clean,SURVIVED F18 class :85,clean,clean,clean,clean,clean,"SURVIVED F24,F29 class :40,62",clean
packages/testing/mutation/stryker-js/vitest-runner/src/test-helpers.ts,clean,clean,clean,clean,clean,clean,SURVIVED F16 class :16,clean,SURVIVED F18 class :18,clean,clean,clean,clean,clean,clean,clean
packages/testing/mutation/stryker-js/vitest-runner/src/vitest-helpers.ts,clean,clean,clean,clean,clean,clean,"SURVIVED F16 class :13,42,50,68",clean,clean,clean,clean,clean,clean,clean,clean,clean
packages/testing/mutation/stryker-js/vitest-runner/src/vitest-test-runner.ts,clean,"SURVIVED :133,316,333 (F11,F28)","SURVIVED F12 class :114,182,214,232","SURVIVED F13 class :8,88,89,91",clean,"SURVIVED F15 class :301,256,258","SURVIVED F16 class :175,193,204,239",clean,"SURVIVED F18 class :86,151,229,247",clean,clean,clean,clean,clean,clean,clean
packages/testing/mutation/stryker-js/vitest-runner/src/vitest-wrapper.ts,clean,clean,SURVIVED F12 class :21,clean,clean,"SURVIVED F15 class :22,35",clean,clean,"SURVIVED F18 class :17,33,39",clean,clean,clean,clean,clean,clean,clean
packages/testing/mutation/stryker-js/vitest-runner/testResources/async-failure/src/add.orig.ts,clean,clean,SURVIVED F12 class :1,clean,clean,clean,clean,clean,clean,clean,clean,clean,clean,clean,clean,clean
packages/testing/mutation/stryker-js/vitest-runner/testResources/async-failure/src/add.ts,clean,clean,SURVIVED F12 class :49,clean,clean,SURVIVED F15 class :40,"SURVIVED F16 class :6,24,38,39",clean,"SURVIVED F18 class :12,25,32,46",clean,clean,clean,clean,clean,clean,clean
packages/testing/mutation/stryker-js/vitest-runner/testResources/deep-project/packages/app/src/math.js,clean,clean,clean,clean,clean,SURVIVED F15 class :40,"SURVIVED F16 class :6,24,38,39",clean,"SURVIVED F18 class :12,25,32,46",clean,clean,clean,clean,clean,clean,clean
packages/testing/mutation/stryker-js/vitest-runner/testResources/infinite-loop/lib/infinite-loop.js,clean,clean,clean,clean,clean,SURVIVED F15 class :40,"SURVIVED F16 class :6,24,38,39",clean,"SURVIVED F18 class :12,25,32,46",clean,clean,clean,clean,clean,clean,clean
packages/testing/mutation/stryker-js/vitest-runner/testResources/infinite-loop/lib/infinite-loop.orig.js,clean,clean,clean,clean,clean,clean,SURVIVED F16 class :3,clean,SURVIVED F18 class :6,clean,clean,clean,clean,clean,clean,clean
packages/testing/mutation/stryker-js/vitest-runner/testResources/multiple-configs/math.ts,clean,clean,clean,clean,clean,clean,SURVIVED F16 class :16,clean,SURVIVED F18 class :17,clean,clean,clean,clean,clean,clean,clean
packages/testing/mutation/stryker-js/vitest-runner/testResources/multiple-files/src/math.ts,clean,clean,clean,clean,clean,SURVIVED F15 class :40,"SURVIVED F16 class :6,24,38,39",clean,"SURVIVED F18 class :12,25,32,46",clean,clean,clean,clean,clean,clean,clean
packages/testing/mutation/stryker-js/vitest-runner/testResources/multiple-files/src/string-utils.orig.ts,clean,clean,clean,clean,clean,clean,SURVIVED F16 class :6,clean,clean,clean,clean,clean,clean,clean,clean,clean
packages/testing/mutation/stryker-js/vitest-runner/testResources/multiple-files/src/string-utils.ts,clean,clean,clean,clean,clean,SURVIVED F15 class :40,"SURVIVED F16 class :6,24,38,39",clean,"SURVIVED F18 class :12,25,32,46",clean,clean,clean,clean,clean,clean,clean
packages/testing/mutation/stryker-js/vitest-runner/testResources/simple-project/math.orig.ts,clean,clean,clean,clean,clean,clean,SURVIVED F16 class :18,clean,SURVIVED F18 class :19,clean,clean,clean,clean,clean,clean,clean
packages/testing/mutation/stryker-js/vitest-runner/testResources/simple-project/math.ts,clean,clean,clean,clean,clean,SURVIVED F15 class :40,"SURVIVED F16 class :6,24,38,39",clean,"SURVIVED F18 class :12,25,32,46",clean,clean,clean,clean,clean,clean,clean
packages/testing/mutation/stryker-js/vitest-runner/testResources/vitest-fixtures/math.ts,clean,clean,clean,clean,clean,SURVIVED F15 class :40,"SURVIVED F16 class :6,24,38,39",clean,"SURVIVED F18 class :12,25,32,46",clean,clean,clean,clean,clean,clean,clean
packages/testing/mutation/stryker-js/vitest-runner/testResources/vitest-fixtures/tests/fixtures.ts,clean,clean,clean,clean,clean,clean,clean,clean,"SURVIVED F18 class :6,9",clean,clean,clean,clean,clean,clean,clean
packages/testing/mutation/stryker-js/vitest-runner/testResources/workspaces/packages/bar/src/math.js,clean,clean,clean,clean,clean,SURVIVED F15 class :40,"SURVIVED F16 class :6,24,38,39",clean,"SURVIVED F18 class :12,25,32,46",clean,clean,clean,clean,clean,clean,clean
packages/testing/mutation/stryker-js/vitest-runner/testResources/workspaces/packages/foo/src/math.js,clean,clean,clean,clean,clean,SURVIVED F15 class :40,"SURVIVED F16 class :6,24,38,39",clean,"SURVIVED F18 class :12,25,32,46",clean,clean,clean,clean,clean,clean,clean
packages/testing/mutation/stryker-js/vitest-runner/tests/__fixtures__/assertions.ts,clean,clean,clean,clean,clean,clean,"SURVIVED F16 class :83,85,112",clean,clean,clean,clean,clean,clean,clean,clean,clean
packages/testing/mutation/stryker-js/vitest-runner/tests/__fixtures__/factories.ts,clean,clean,clean,"SURVIVED F13 class :8,6,8,66",clean,clean,clean,clean,"SURVIVED F18 class :37,38,39,40",clean,clean,clean,clean,clean,clean,clean
packages/testing/mutation/stryker-js/vitest-runner/tests/__fixtures__/temp-test-directory-sandbox.ts,clean,clean,"SURVIVED F12 class :28,45",clean,clean,"SURVIVED F15 class :47,55,57","SURVIVED F16 class :29,46,49,58",clean,SURVIVED F18 class :11,clean,clean,clean,clean,clean,clean,clean
packages/testing/mutation/stryker-js/vitest-runner/tests/__fixtures__/vitest-runner-harness.ts,clean,clean,clean,"SURVIVED F13 class :4,55",clean,clean,SURVIVED F16 class :51,clean,clean,clean,clean,clean,clean,clean,clean,clean
packages/testing/mutation/stryker-js/vitest-runner/tests/vitest-test-runner.integration.test.ts,clean,clean,clean,"SURVIVED F13 class :5,677,682",clean,clean,clean,clean,clean,clean,clean,clean,clean,clean,clean,clean
packages/testing/mutation/stryker-js/vitest-runner/typings/global.d.ts,clean,"SURVIVED F10,F11,F25,F26,F28 class :1",clean,clean,clean,clean,clean,clean,clean,clean,clean,clean,clean,clean,"SURVIVED F24,F29 class :1",clean
